{
  "packages": [
    {
      "name": "sainbot",
      "maintainer": "sainbot masters",
      "websiteURL": "http://www.arduino.cc/",
      "email": "packages@arduino.cc",
      "help": {
        "online": "http://www.arduino.cc/en/Reference/HomePage"
      },
      "platforms": [
        {
          "name": "SAINBOTT",
          "architecture": "avr",
          "version": "1.6.2",
          "category": "Arduino",
          "help": {
            "online": "http://www.arduino.cc/en/Reference/HomePage"
          },
          "url": "http://downloads.arduino.cc/cores/avr-1.8.3.tar.bz2",
          "archiveFileName": "arduino 1.6.2.zip",
          "checksum": "SHA-256:de8a9b982477762d3d3e52fc2b682cdd8ff194dc3f1d46f4debdea6a01b33c14",
          "size": "4941548",
          "boards": [
            {"name": "Arduino Yún"},
            {"name": "sainbot"},
            {"name": "Arduino Uno WiFi"},
            {"name": "Arduino Diecimila"},
            {"name": "Arduino Nano"},
            {"name": "Arduino Mega"},
            {"name": "Arduino MegaADK"},
            {"name": "Arduino Leonardo"},
            {"name": "Arduino Leonardo Ethernet"},
            {"name": "Arduino Micro"},
            {"name": "Arduino Esplora"},
            {"name": "Arduino Mini"},
            {"name": "Arduino Ethernet"},
            {"name": "Arduino Fio"},
            {"name": "Arduino BT"},
            {"name": "Arduino LilyPadUSB"},
            {"name": "Arduino Lilypad"},
            {"name": "Arduino Pro"},
            {"name": "Arduino ATMegaNG"},
            {"name": "Arduino Robot Control"},
            {"name": "Arduino Robot Motor"},
            {"name": "Arduino Gemma"},
            {"name": "Adafruit Circuit Playground"},
            {"name": "Arduino Yún Mini"},
            {"name": "Arduino Industrial 101"},
            {"name": "Linino One"}
          ],
          "toolsDependencies": [
            {
              "packager": "arduino",
              "name": "avr-gcc",
              "version": "7.3.0-atmel3.6.1-arduino7"
            },
            {
              "packager": "arduino",
              "name": "avrdude",
              "version": "6.3.0-arduino17"
            },
            {
              "packager": "arduino",
              "name": "arduinoOTA",
              "version": "1.3.0"
            }
          ]
        }
      ],
      "tools": [
        {
          "name": "avr-gcc",
          "version": "7.3.0-atmel3.6.1-arduino7",
          "systems": [
            {
              "size": "34683056",
              "checksum": "SHA-256:3903553d035da59e33cff9941b857c3cb379cb0638105dfdf69c97f0acc8e7b5",
              "host": "arm-linux-gnueabihf",
              "archiveFileName": "avr-gcc-7.3.0-atmel3.6.1-arduino7-arm-linux-gnueabihf.tar.bz2",
              "url": "http://downloads.arduino.cc/tools/avr-gcc-7.3.0-atmel3.6.1-arduino7-arm-linux-gnueabihf.tar.bz2"
            },
            {
              "size": "38045723",
              "checksum": "SHA-256:03d322b9df6da17289e9e7c6233c34a8535d9c645c19efc772ba19e56914f339",
              "host": "aarch64-linux-gnu",
              "archiveFileName": "avr-gcc-7.3.0-atmel3.6.1-arduino7-aarch64-pc-linux-gnu.tar.bz2",
              "url": "http://downloads.arduino.cc/tools/avr-gcc-7.3.0-atmel3.6.1-arduino7-aarch64-pc-linux-gnu.tar.bz2"
            },
            {
              "size": "36684546",
              "checksum": "SHA-256:f6ed2346953fcf88df223469088633eb86de997fa27ece117fd1ef170d69c1f8",
              "host": "x86_64-apple-darwin14",
              "archiveFileName": "avr-gcc-7.3.0-atmel3.6.1-arduino7-x86_64-apple-darwin14.tar.bz2",
              "url": "http://downloads.arduino.cc/tools/avr-gcc-7.3.0-atmel3.6.1-arduino7-x86_64-apple-darwin14.tar.bz2"
            },
            {
              "size": "52519412",
              "checksum": "SHA-256:a54f64755fff4cb792a1495e5defdd789902a2a3503982e81b898299cf39800e",
              "host": "i686-mingw32",
              "archiveFileName": "avr-gcc-7.3.0-atmel3.6.1-arduino7-i686-w64-mingw32.zip",
              "url": "http://downloads.arduino.cc/tools/avr-gcc-7.3.0-atmel3.6.1-arduino7-i686-w64-mingw32.zip"
            },
            {
              "size": "37176991",
              "checksum": "SHA-256:954bbffb33545bcdcd473af993da2980bf32e8461ff55a18e0eebc7b2ef69a4c",
              "host": "i686-linux-gnu",
              "archiveFileName": "avr-gcc-7.3.0-atmel3.6.1-arduino7-i686-pc-linux-gnu.tar.bz2",
              "url": "http://downloads.arduino.cc/tools/avr-gcc-7.3.0-atmel3.6.1-arduino7-i686-pc-linux-gnu.tar.bz2"
            },
            {
              "size": "37630618",
              "checksum": "SHA-256:bd8c37f6952a2130ac9ee32c53f6a660feb79bee8353c8e289eb60fdcefed91e",
              "host": "x86_64-linux-gnu",
              "archiveFileName": "avr-gcc-7.3.0-atmel3.6.1-arduino7-x86_64-pc-linux-gnu.tar.bz2",
              "url": "http://downloads.arduino.cc/tools/avr-gcc-7.3.0-atmel3.6.1-arduino7-x86_64-pc-linux-gnu.tar.bz2"
            }
          ]
        },
        {
          "name": "avrdude",
          "version": "6.3.0-arduino17",
          "systems": [
            {
              "size": "219631",
              "checksum": "SHA-256:2a8e68c5d803aa6f902ef219f177ec3a4c28275d85cbe272962ad2cd374f50d1",
              "host": "arm-linux-gnueabihf",
              "archiveFileName": "avrdude-6.3.0-arduino17-armhf-pc-linux-gnu.tar.bz2",
              "url": "http://downloads.arduino.cc/tools/avrdude-6.3.0-arduino17-armhf-pc-linux-gnu.tar.bz2"
            },
            {
              "size": "229852",
              "checksum": "SHA-256:6cf948f751acfe7b96684537f2291c766ec8b54b4f7dc95539864821456fa9fc",
              "host": "aarch64-linux-gnu",
              "archiveFileName": "avrdude-6.3.0-arduino17-aarch64-pc-linux-gnu.tar.bz2",
              "url": "http://downloads.arduino.cc/tools/avrdude-6.3.0-arduino17-aarch64-pc-linux-gnu.tar.bz2"
            },
            {
              "size": "279045",
              "checksum": "SHA-256:120cc9edaae699e7e9ac50b1b8eb0e7d51fdfa555bac54233c2511e6ee5418c9",
              "host": "x86_64-apple-darwin12",
              "archiveFileName": "avrdude-6.3.0-arduino17-x86_64-apple-darwin12.tar.bz2",
              "url": "http://downloads.arduino.cc/tools/avrdude-6.3.0-arduino17-x86_64-apple-darwin12.tar.bz2"
            },
            {
              "size": "254271",
              "checksum": "SHA-256:accdfb920af2aabf4f7461d2ac73c0751760f525216dc4e7657427a78c60d13d",
              "host": "x86_64-linux-gnu",
              "archiveFileName": "avrdude-6.3.0-arduino17-x86_64-pc-linux-gnu.tar.bz2",
              "url": "http://downloads.arduino.cc/tools/avrdude-6.3.0-arduino17-x86_64-pc-linux-gnu.tar.bz2"
            },
            {
              "size": "244550",
              "checksum": "SHA-256:5c8cc6c17db9300e1451fe41cd7178b0442b4490ee6fdbc0aed9811aef96c05f",
              "host": "i686-linux-gnu",
              "archiveFileName": "avrdude-6.3.0-arduino17-i686-pc-linux-gnu.tar.bz2",
              "url": "http://downloads.arduino.cc/tools/avrdude-6.3.0-arduino17-i686-pc-linux-gnu.tar.bz2"
            },
            {
              "size": "328460",
              "checksum": "SHA-256:e99188873c7c5ad8f8f906f068c33600e758b2e36cce3adbd518a21bd266749d",
              "host": "i686-mingw32",
              "archiveFileName": "avrdude-6.3.0-arduino17-i686-w64-mingw32.zip",
              "url": "http://downloads.arduino.cc/tools/avrdude-6.3.0-arduino17-i686-w64-mingw32.zip"
            }
          ]
        },
        {
          "name": "arduinoOTA",
          "version": "1.3.0",
          "systems": [
            {
              "size": "2633516",
              "checksum": "SHA-256:3e7f59d6fbc7a724598303f0d3289d0c4fd137a8973437980658379a024887b2",
              "host": "i686-linux-gnu",
              "archiveFileName": "arduinoOTA-1.3.0-linux_386.tar.bz2",
              "url": "http://downloads.arduino.cc/tools/arduinoOTA-1.3.0-linux_386.tar.bz2"
            },
            {
              "size": "2716248",
              "checksum": "SHA-256:aa45ee2441ffc3a122daec5802941d1fa2ac47adf5c5c481b5e0daa4dc259ffa",
              "host": "x86_64-linux-gnu",
              "archiveFileName": "arduinoOTA-1.3.0-linux_amd64.tar.bz2",
              "url": "http://downloads.arduino.cc/tools/arduinoOTA-1.3.0-linux_amd64.tar.bz2"
            },
            {
              "size": "2567435",
              "checksum": "SHA-256:1888587409b56aef4ba0ab0e6703b3dccba7cc3a022756ba9b908247e5d5a656",
              "host": "arm-linux-gnueabihf",
              "archiveFileName": "arduinoOTA-1.3.0-linux_arm.tar.bz2",
              "url": "http://downloads.arduino.cc/tools/arduinoOTA-1.3.0-linux_arm.tar.bz2"
            },
            {
              "size": "2472427",
              "checksum": "SHA-256:835ed8f37cffac37e979d1b0f6041559592d3d98be52f0e8611b76c4858e4113",
              "host": "aarch64-linux-gnu",
              "archiveFileName": "arduinoOTA-1.3.0-linux_arm64.tar.bz2",
              "url": "http://downloads.arduino.cc/tools/arduinoOTA-1.3.0-linux_arm64.tar.bz2"
            },
            {
              "size": "2766116",
              "checksum": "SHA-256:d5d0f82ff829c0e434d12a2ee640a6fbd78f893ab37782edbb8b5bf2359d119e",
              "host": "i386-apple-darwin11",
              "archiveFileName": "arduinoOTA-1.3.0-darwin_amd64.tar.bz2",
              "url": "http://downloads.arduino.cc/tools/arduinoOTA-1.3.0-darwin_amd64.tar.bz2"
            },
            {
              "size": "2768948",
              "checksum": "SHA-256:051943844eee442460d2c709edefadca184287fffd2b6c100dd53aa742aa05f6",
              "host": "i686-mingw32",
              "archiveFileName": "arduinoOTA-1.3.0-windows_386.zip",
              "url": "http://downloads.arduino.cc/tools/arduinoOTA-1.3.0-windows_386.zip"
            }
          ]
        }
      ]
    }
  ]
}
